1,10-Day Green Smoothie Cleanse,JJ Smith,8,4.7,2016,Non Fiction,10-day-green-smoothie-cleanse
2,11/22/63: A Novel,Stephen King,22,4.6,2011,Fiction,112263-a-novel
3,12 Rules for Life: An Antidote to Chaos,Jordan B. Peterson,15,4.7,2018,Non Fiction,12-rules-for-life-an-antidote-to-chaos
4,1984 (Signet Classics),George Orwell,6,4.7,2017,Fiction,1984-signet-classics
5,"5,000 Awesome Facts (About Everything!) (National Geographic Kids)",National Geographic Kids,12,4.8,2019,Non Fiction,5000-awesome-facts-about-everything-national-geographic-kids
6,A Dance with Dragons (A Song of Ice and Fire),George R. R. Martin,11,4.4,2011,Fiction,a-dance-with-dragons-a-song-of-ice-and-fire
7,A Game of Thrones / A Clash of Kings / A Storm of Swords / A Feast of Crows / A Dance with Dragons,George R. R. Martin,30,4.7,2014,Fiction,a-game-of-thrones-a-clash-of-kings-a-storm-of-swords-a-feast-of-crows-a-dance-with-dragons
8,A Gentleman in Moscow: A Novel,Amor Towles,15,4.7,2017,Fiction,a-gentleman-in-moscow-a-novel
9,"A Higher Loyalty: Truth, Lies, and Leadership",James Comey,3,4.7,2018,Non Fiction,a-higher-loyalty-truth-lies-and-leadership
10,A Man Called Ove: A Novel,Fredrik Backman,8,4.6,2016,Fiction,a-man-called-ove-a-novel
11,A Patriot's History of the United States: From Columbus's Great Discovery to the War on Terror,Larry Schweikart,2,4.6,2010,Non Fiction,a-patriots-history-of-the-united-states-from-columbuss-great-discovery-to-the-war-on-terror
12,A Stolen Life: A Memoir,Jaycee Dugard,32,4.6,2011,Non Fiction,a-stolen-life-a-memoir
13,A Wrinkle in Time (Time Quintet),Madeleine L'Engle,5,4.5,2018,Fiction,a-wrinkle-in-time-time-quintet
14,"Act Like a Lady, Think Like a Man: What Men Really Think About Love, Relationships, Intimacy, and Commitment",Steve Harvey,17,4.6,2009,Non Fiction,act-like-a-lady-think-like-a-man-what-men-really-think-about-love-relationships-intimacy-and-commitment
15,"Adult Coloring Book Designs: Stress Relief Coloring Book: Garden Designs, Mandalas, Animals, and Paisley Patterns",Adult Coloring Book Designs,4,4.5,2016,Non Fiction,adult-coloring-book-designs-stress-relief-coloring-book-garden-designs-mandalas-animals-and-paisley-patterns
16,Adult Coloring Book: Stress Relieving Animal Designs,Blue Star Coloring,6,4.6,2015,Non Fiction,adult-coloring-book-stress-relieving-animal-designs
17,Adult Coloring Book: Stress Relieving Patterns,Blue Star Coloring,6,4.4,2015,Non Fiction,adult-coloring-book-stress-relieving-patterns
18,Alexander Hamilton,Ron Chernow,13,4.8,2016,Non Fiction,alexander-hamilton
19,All the Light We Cannot See,Anthony Doerr,14,4.6,2014,Fiction,all-the-light-we-cannot-see
20,Allegiant,Veronica Roth,13,3.9,2013,Fiction,allegiant
21,American Sniper: The Autobiography of the Most Lethal Sniper in U.S. Military History,Chris Kyle,9,4.6,2015,Non Fiction,american-sniper-the-autobiography-of-the-most-lethal-sniper-in-us-military-history
22,And the Mountains Echoed,Khaled Hosseini,13,4.3,2013,Fiction,and-the-mountains-echoed
23,Arguing with Idiots: How to Stop Small Minds and Big Government,Glenn Beck,5,4.6,2009,Non Fiction,arguing-with-idiots-how-to-stop-small-minds-and-big-government
24,Astrophysics for People in a Hurry,Neil deGrasse Tyson,9,4.7,2017,Non Fiction,astrophysics-for-people-in-a-hurry
25,"Autobiography of Mark Twain, Vol. 1",Mark Twain,14,4.2,2010,Non Fiction,autobiography-of-mark-twain-vol-1
26,Baby Touch and Feel: Animals,DK,5,4.6,2015,Non Fiction,baby-touch-and-feel-animals
27,Balance (Angie's Extreme Stress Menders),Angie Grace,11,4.6,2015,Non Fiction,balance-angies-extreme-stress-menders
28,Barefoot Contessa Foolproof: Recipes You Can Trust: A Cookbook,Ina Garten,24,4.8,2012,Non Fiction,barefoot-contessa-foolproof-recipes-you-can-trust-a-cookbook
29,"Barefoot Contessa, How Easy Is That?: Fabulous Recipes & Easy Tips",Ina Garten,21,4.7,2010,Non Fiction,barefoot-contessa-how-easy-is-that-fabulous-recipes-easy-tips
30,Becoming,Michelle Obama,11,4.8,2018,Non Fiction,becoming
31,Being Mortal: Medicine and What Matters in the End,Atul Gawande,15,4.8,2015,Non Fiction,being-mortal-medicine-and-what-matters-in-the-end
32,Between the World and Me,Ta-Nehisi Coates,13,4.7,2015,Non Fiction,between-the-world-and-me
33,Born to Run,Bruce Springsteen,18,4.7,2016,Non Fiction,born-to-run
34,"Breaking Dawn (The Twilight Saga, Book 4)",Stephenie Meyer,13,4.6,2009,Fiction,breaking-dawn-the-twilight-saga-book-4
35,"Broke: The Plan to Restore Our Trust, Truth and Treasure",Glenn Beck,8,4.5,2010,Non Fiction,broke-the-plan-to-restore-our-trust-truth-and-treasure
36,"Brown Bear, Brown Bear, What Do You See?",Bill Martin Jr.,5,4.9,2017,Fiction,brown-bear-brown-bear-what-do-you-see
37,"Cabin Fever (Diary of a Wimpy Kid, Book 6)",Jeff Kinney,15,4.8,2011,Fiction,cabin-fever-diary-of-a-wimpy-kid-book-6
38,Calm the F*ck Down: An Irreverent Adult Coloring Book (Irreverent Book Series),Sasha O'Hara,4,4.6,2016,Non Fiction,calm-the-fck-down-an-irreverent-adult-coloring-book-irreverent-book-series
39,Can't Hurt Me: Master Your Mind and Defy the Odds,David Goggins,18,4.8,2019,Non Fiction,cant-hurt-me-master-your-mind-and-defy-the-odds
40,Capital in the Twenty First Century,Thomas Piketty,28,4.5,2014,Non Fiction,capital-in-the-twenty-first-century
41,Catching Fire (The Hunger Games),Suzanne Collins,11,4.7,2010,Fiction,catching-fire-the-hunger-games
42,Cravings: Recipes for All the Food You Want to Eat: A Cookbook,Chrissy Teigen,16,4.7,2016,Non Fiction,cravings-recipes-for-all-the-food-you-want-to-eat-a-cookbook
43,Crazy Love: Overwhelmed by a Relentless God,Francis Chan,14,4.7,2009,Non Fiction,crazy-love-overwhelmed-by-a-relentless-god
44,Crazy Rich Asians (Crazy Rich Asians Trilogy),Kevin Kwan,8,4.3,2018,Fiction,crazy-rich-asians-crazy-rich-asians-trilogy
45,Creative Haven Creative Cats Coloring Book (Adult Coloring),Marjorie Sarnat,4,4.8,2015,Non Fiction,creative-haven-creative-cats-coloring-book-adult-coloring
46,Creative Haven Owls Coloring Book (Adult Coloring),Marjorie Sarnat,5,4.8,2015,Non Fiction,creative-haven-owls-coloring-book-adult-coloring
47,Cutting for Stone,Abraham Verghese,11,4.6,2010,Fiction,cutting-for-stone
48,"Daring Greatly: How the Courage to Be Vulnerable Transforms the Way We Live, Love, Parent, and Lead",Brene Brown,10,4.8,2013,Non Fiction,daring-greatly-how-the-courage-to-be-vulnerable-transforms-the-way-we-live-love-parent-and-lead
49,"David and Goliath: Underdogs, Misfits, and the Art of Battling Giants",Malcolm Gladwell,13,4.4,2013,Non Fiction,david-and-goliath-underdogs-misfits-and-the-art-of-battling-giants
50,Dead And Gone: A Sookie Stackhouse Novel (Sookie Stackhouse/True Blood),Charlaine Harris,4,4.6,2009,Fiction,dead-and-gone-a-sookie-stackhouse-novel-sookie-stackhousetrue-blood
51,"Dead in the Family (Sookie Stackhouse/True Blood, Book 10)",Charlaine Harris,8,4.3,2010,Fiction,dead-in-the-family-sookie-stackhousetrue-blood-book-10
52,"Dead Reckoning (Sookie Stackhouse/True Blood, Book 11)",Charlaine Harris,4,4.2,2011,Fiction,dead-reckoning-sookie-stackhousetrue-blood-book-11
53,Dear Zoo: A Lift-the-Flap Book,Rod Campbell,5,4.8,2015,Fiction,dear-zoo-a-lift-the-flap-book
54,Decision Points,George W. Bush,17,4.6,2010,Non Fiction,decision-points
55,"Delivering Happiness: A Path to Profits, Passion, and Purpose",Tony Hsieh,15,4.6,2010,Non Fiction,delivering-happiness-a-path-to-profits-passion-and-purpose
56,"Diagnostic and Statistical Manual of Mental Disorders, 5th Edition: DSM-5",American Psychiatric Association,105,4.5,2013,Non Fiction,diagnostic-and-statistical-manual-of-mental-disorders-5th-edition-dsm-5
57,"Diary of a Wimpy Kid: Hard Luck, Book 8",Jeff Kinney,15,4.8,2013,Fiction,diary-of-a-wimpy-kid-hard-luck-book-8
58,Diary of a Wimpy Kid: The Last Straw (Book 3),Jeff Kinney,15,4.8,2009,Fiction,diary-of-a-wimpy-kid-the-last-straw-book-3
59,Diary of a Wimpy Kid: The Long Haul,Jeff Kinney,22,4.8,2014,Fiction,diary-of-a-wimpy-kid-the-long-haul
60,Difficult Riddles For Smart Kids: 300 Difficult Riddles And Brain Teasers Families Will Love (Books for Smart Kids),M Prefontaine,5,4.6,2019,Non Fiction,difficult-riddles-for-smart-kids-300-difficult-riddles-and-brain-teasers-families-will-love-books-for-smart-kids
61,Divergent,Veronica Roth,15,4.6,2013,Fiction,divergent
62,Divergent / Insurgent,Veronica Roth,6,4.5,2014,Fiction,divergent-insurgent
63,Doctor Sleep: A Novel,Stephen King,13,4.7,2013,Fiction,doctor-sleep-a-novel
64,"Dog Days (Diary of a Wimpy Kid, Book 4) (Volume 4)",Jeff Kinney,12,4.8,2009,Fiction,dog-days-diary-of-a-wimpy-kid-book-4-volume-4
65,Dog Man and Cat Kid: From the Creator of Captain Underpants (Dog Man #4),Dav Pilkey,6,4.9,2018,Fiction,dog-man-and-cat-kid-from-the-creator-of-captain-underpants-dog-man-4
66,Dog Man: A Tale of Two Kitties: From the Creator of Captain Underpants (Dog Man #3),Dav Pilkey,8,4.9,2017,Fiction,dog-man-a-tale-of-two-kitties-from-the-creator-of-captain-underpants-dog-man-3
67,Dog Man: Brawl of the Wild: From the Creator of Captain Underpants (Dog Man #6),Dav Pilkey,4,4.9,2018,Fiction,dog-man-brawl-of-the-wild-from-the-creator-of-captain-underpants-dog-man-6
68,Dog Man: Fetch-22: From the Creator of Captain Underpants (Dog Man #8),Dav Pilkey,8,4.9,2019,Fiction,dog-man-fetch-22-from-the-creator-of-captain-underpants-dog-man-8
69,Dog Man: For Whom the Ball Rolls: From the Creator of Captain Underpants (Dog Man #7),Dav Pilkey,8,4.9,2019,Fiction,dog-man-for-whom-the-ball-rolls-from-the-creator-of-captain-underpants-dog-man-7
70,Dog Man: Lord of the Fleas: From the Creator of Captain Underpants (Dog Man #5),Dav Pilkey,6,4.9,2018,Fiction,dog-man-lord-of-the-fleas-from-the-creator-of-captain-underpants-dog-man-5
71,Double Down (Diary of a Wimpy Kid #11),Jeff Kinney,20,4.8,2016,Fiction,double-down-diary-of-a-wimpy-kid-11
72,Dover Creative Haven Art Nouveau Animal Designs Coloring Book (Creative Haven Coloring Books),Marty Noble,5,4.6,2015,Non Fiction,dover-creative-haven-art-nouveau-animal-designs-coloring-book-creative-haven-coloring-books
73,Drive: The Surprising Truth About What Motivates Us,Daniel H. Pink,16,4.5,2010,Non Fiction,drive-the-surprising-truth-about-what-motivates-us
74,Eat This Not That! Supermarket Survival Guide: The No-Diet Weight Loss Solution,David Zinczenko,1,4.5,2009,Non Fiction,eat-this-not-that-supermarket-survival-guide-the-no-diet-weight-loss-solution
75,"Eat This, Not That! Thousands of Simple Food Swaps that Can Save You 10, 20, 30 Pounds--or More!",David Zinczenko,14,4.3,2009,Non Fiction,eat-this-not-that-thousands-of-simple-food-swaps-that-can-save-you-10-20-30-pounds-or-more
76,"Eat to Live: The Amazing Nutrient-Rich Program for Fast and Sustained Weight Loss, Revised Edition",Joel Fuhrman MD,9,4.5,2011,Non Fiction,eat-to-live-the-amazing-nutrient-rich-program-for-fast-and-sustained-weight-loss-revised-edition
77,Eclipse (Twilight Sagas),Stephenie Meyer,7,4.7,2009,Fiction,eclipse-twilight-sagas
78,Eclipse (Twilight),Stephenie Meyer,18,4.7,2009,Fiction,eclipse-twilight
79,Educated: A Memoir,Tara Westover,15,4.7,2018,Non Fiction,educated-a-memoir
80,Fahrenheit 451,Ray Bradbury,8,4.6,2016,Fiction,fahrenheit-451
81,Fantastic Beasts and Where to Find Them: The Original Screenplay (Harry Potter),J.K. Rowling,15,4.7,2016,Fiction,fantastic-beasts-and-where-to-find-them-the-original-screenplay-harry-potter
82,Fear: Trump in the White House,Bob Woodward,2,4.4,2018,Non Fiction,fear-trump-in-the-white-house
83,Fifty Shades Darker,E L James,7,4.4,2012,Fiction,fifty-shades-darker
84,Fifty Shades Freed: Book Three of the Fifty Shades Trilogy (Fifty Shades of Grey Series) (English Edition),E L James,11,4.5,2012,Fiction,fifty-shades-freed-book-three-of-the-fifty-shades-trilogy-fifty-shades-of-grey-series-english-edition
85,Fifty Shades of Grey: Book One of the Fifty Shades Trilogy (Fifty Shades of Grey Series),E L James,14,3.8,2012,Fiction,fifty-shades-of-grey-book-one-of-the-fifty-shades-trilogy-fifty-shades-of-grey-series
86,Fifty Shades Trilogy (Fifty Shades of Grey / Fifty Shades Darker / Fifty Shades Freed),E L James,32,4.5,2012,Fiction,fifty-shades-trilogy-fifty-shades-of-grey-fifty-shades-darker-fifty-shades-freed
87,Fire and Fury: Inside the Trump White House,Michael Wolff,6,4.2,2018,Non Fiction,fire-and-fury-inside-the-trump-white-house
88,First 100 Words,Roger Priddy,4,4.7,2014,Non Fiction,first-100-words
89,Food Rules: An Eater's Manual,Michael Pollan,9,4.4,2010,Non Fiction,food-rules-an-eaters-manual
90,Frozen (Little Golden Book),RH Disney,15,4.7,2014,Fiction,frozen-little-golden-book
91,"Game Change: Obama and the Clintons, McCain and Palin, and the Race of a Lifetime",John Heilemann,9,4.4,2010,Non Fiction,game-change-obama-and-the-clintons-mccain-and-palin-and-the-race-of-a-lifetime
92,Game of Thrones Boxed Set: A Game of Thrones/A Clash of Kings/A Storm of Swords/A Feast for Crows,George R.R. Martin,5,4.6,2011,Fiction,game-of-thrones-boxed-set-a-game-of-thronesa-clash-of-kingsa-storm-of-swordsa-feast-for-crows
93,George Washington's Sacred Fire,Peter A. Lillback,20,4.5,2010,Non Fiction,george-washingtons-sacred-fire
94,George Washington's Secret Six: The Spy Ring That Saved the American Revolution,Brian Kilmeade,16,4.6,2013,Non Fiction,george-washingtons-secret-six-the-spy-ring-that-saved-the-american-revolution
95,Giraffes Can't Dance,Giles Andreae,4,4.8,2015,Fiction,giraffes-cant-dance
96,"Girl, Stop Apologizing: A Shame-Free Plan for Embracing and Achieving Your Goals",Rachel Hollis,12,4.6,2019,Non Fiction,girl-stop-apologizing-a-shame-free-plan-for-embracing-and-achieving-your-goals
97,"Girl, Wash Your Face: Stop Believing the Lies About Who You Are So You Can Become Who You Were Meant to Be",Rachel Hollis,12,4.6,2018,Non Fiction,girl-wash-your-face-stop-believing-the-lies-about-who-you-are-so-you-can-become-who-you-were-meant-to-be
98,"Glenn Beck's Common Sense: The Case Against an Out-of-Control Government, Inspired by Thomas Paine",Glenn Beck,11,4.6,2009,Non Fiction,glenn-becks-common-sense-the-case-against-an-out-of-control-government-inspired-by-thomas-paine
99,Go Set a Watchman: A Novel,Harper Lee,19,3.6,2015,Fiction,go-set-a-watchman-a-novel
100,Go the F**k to Sleep,Adam Mansbach,9,4.8,2011,Fiction,go-the-fk-to-sleep
101,Going Rogue: An American Life,Sarah Palin,6,4.6,2009,Non Fiction,going-rogue-an-american-life
102,Gone Girl,Gillian Flynn,10,4,2012,Fiction,gone-girl
103,Good Days Start With Gratitude: A 52 Week Guide To Cultivate An Attitude Of Gratitude: Gratitude Journal,Pretty Simple Press,6,4.6,2019,Non Fiction,good-days-start-with-gratitude-a-52-week-guide-to-cultivate-an-attitude-of-gratitude-gratitude-journal
104,Good to Great: Why Some Companies Make the Leap and Others Don't,Jim Collins,14,4.5,2009,Non Fiction,good-to-great-why-some-companies-make-the-leap-and-others-dont
105,Goodnight Moon,Margaret Wise Brown,5,4.8,2017,Fiction,goodnight-moon
106,"Goodnight, Goodnight Construction Site (Hardcover Books for Toddlers, Preschool Books for Kids)",Sherri Duskey Rinker,7,4.9,2012,Fiction,goodnight-goodnight-construction-site-hardcover-books-for-toddlers-preschool-books-for-kids
107,"Grain Brain: The Surprising Truth about Wheat, Carbs, and Sugar--Your Brain's Silent Killers",David Perlmutter MD,10,4.6,2014,Non Fiction,grain-brain-the-surprising-truth-about-wheat-carbs-and-sugar-your-brains-silent-killers
108,Grey: Fifty Shades of Grey as Told by Christian (Fifty Shades of Grey Series),E L James,14,4.4,2015,Fiction,grey-fifty-shades-of-grey-as-told-by-christian-fifty-shades-of-grey-series
109,Guts,Raina Telgemeier,7,4.8,2019,Non Fiction,guts
110,Hamilton: The Revolution,Lin-Manuel Miranda,54,4.9,2016,Non Fiction,hamilton-the-revolution
111,"Happy, Happy, Happy: My Life and Legacy as the Duck Commander",Phil Robertson,11,4.8,2013,Non Fiction,happy-happy-happy-my-life-and-legacy-as-the-duck-commander
112,"Harry Potter and the Chamber of Secrets: The Illustrated Edition (Harry Potter, Book 2)",J.K. Rowling,30,4.9,2016,Fiction,harry-potter-and-the-chamber-of-secrets-the-illustrated-edition-harry-potter-book-2
113,"Harry Potter and the Cursed Child, Parts 1 & 2, Special Rehearsal Edition Script",J.K. Rowling,12,4,2016,Fiction,harry-potter-and-the-cursed-child-parts-1-2-special-rehearsal-edition-script
114,"Harry Potter and the Goblet of Fire: The Illustrated Edition (Harry Potter, Book 4) (4)",J. K. Rowling,18,4.9,2019,Fiction,harry-potter-and-the-goblet-of-fire-the-illustrated-edition-harry-potter-book-4-4
115,"Harry Potter and the Prisoner of Azkaban: The Illustrated Edition (Harry Potter, Book 3)",J.K. Rowling,30,4.9,2017,Fiction,harry-potter-and-the-prisoner-of-azkaban-the-illustrated-edition-harry-potter-book-3
116,"Harry Potter and the Sorcerer's Stone: The Illustrated Edition (Harry Potter, Book 1)",J.K. Rowling,22,4.9,2016,Fiction,harry-potter-and-the-sorcerers-stone-the-illustrated-edition-harry-potter-book-1
117,Harry Potter Coloring Book,Scholastic,9,4.7,2015,Non Fiction,harry-potter-coloring-book
118,Harry Potter Paperback Box Set (Books 1-7),J. K. Rowling,52,4.8,2016,Fiction,harry-potter-paperback-box-set-books-1-7
119,Have a Little Faith: A True Story,Mitch Albom,4,4.8,2009,Non Fiction,have-a-little-faith-a-true-story
120,Heaven is for Real: A Little Boy's Astounding Story of His Trip to Heaven and Back,Todd Burpo,10,4.7,2011,Non Fiction,heaven-is-for-real-a-little-boys-astounding-story-of-his-trip-to-heaven-and-back
121,Hillbilly Elegy: A Memoir of a Family and Culture in Crisis,J. D. Vance,14,4.4,2016,Non Fiction,hillbilly-elegy-a-memoir-of-a-family-and-culture-in-crisis
122,Homebody: A Guide to Creating Spaces You Never Want to Leave,Joanna Gaines,22,4.8,2018,Non Fiction,homebody-a-guide-to-creating-spaces-you-never-want-to-leave
123,How to Win Friends & Influence People,Dale Carnegie,11,4.7,2014,Non Fiction,how-to-win-friends-influence-people
124,Howard Stern Comes Again,Howard Stern,16,4.3,2019,Non Fiction,howard-stern-comes-again
125,Humans of New York,Brandon Stanton,15,4.8,2013,Non Fiction,humans-of-new-york
126,Humans of New York : Stories,Brandon Stanton,17,4.9,2015,Non Fiction,humans-of-new-york-stories
127,"Hyperbole and a Half: Unfortunate Situations, Flawed Coping Mechanisms, Mayhem, and Other Things That Happened",Allie Brosh,17,4.7,2013,Non Fiction,hyperbole-and-a-half-unfortunate-situations-flawed-coping-mechanisms-mayhem-and-other-things-that-happened
128,"I Am Confident, Brave & Beautiful: A Coloring Book for Girls",Hopscotch Girls,7,4.8,2019,Non Fiction,i-am-confident-brave-beautiful-a-coloring-book-for-girls
129,"I, Alex Cross",James Patterson,7,4.6,2009,Fiction,i-alex-cross
130,If Animals Kissed Good Night,Ann Whitford Paul,4,4.8,2017,Fiction,if-animals-kissed-good-night
131,If I Stay,Gayle Forman,9,4.3,2014,Fiction,if-i-stay
132,"In the Garden of Beasts: Love, Terror, and an American Family in Hitler's Berlin",Eric Larson,21,4.4,2011,Non Fiction,in-the-garden-of-beasts-love-terror-and-an-american-family-in-hitlers-berlin
133,Inferno,Dan Brown,14,4.1,2013,Fiction,inferno
134,Inheritance: Book IV (Inheritance Cycle),Christopher Paolini,20,4.6,2011,Fiction,inheritance-book-iv-inheritance-cycle
135,It's Not Supposed to Be This Way: Finding Unexpected Strength When Disappointments Leave You Shattered,Lysa TerKeurst,12,4.8,2019,Non Fiction,its-not-supposed-to-be-this-way-finding-unexpected-strength-when-disappointments-leave-you-shattered
136,Jesus Calling: Enjoying Peace in His Presence (with Scripture References),Sarah Young,8,4.9,2011,Non Fiction,jesus-calling-enjoying-peace-in-his-presence-with-scripture-references
137,JOURNEY TO THE ICE P,RH Disney,15,4.6,2014,Fiction,journey-to-the-ice-p
138,Joyland (Hard Case Crime),Stephen King,12,4.5,2013,Fiction,joyland-hard-case-crime
139,Killers of the Flower Moon: The Osage Murders and the Birth of the FBI,David Grann,17,4.6,2017,Non Fiction,killers-of-the-flower-moon-the-osage-murders-and-the-birth-of-the-fbi
140,Killing Jesus (Bill O'Reilly's Killing Series),Bill O'Reilly,12,4.5,2013,Non Fiction,killing-jesus-bill-oreillys-killing-series
141,Killing Kennedy: The End of Camelot,Bill O'Reilly,25,4.6,2012,Non Fiction,killing-kennedy-the-end-of-camelot
142,Killing Lincoln: The Shocking Assassination that Changed America Forever (Bill O'Reilly's Killing Series),Bill O'Reilly,10,4.7,2011,Non Fiction,killing-lincoln-the-shocking-assassination-that-changed-america-forever-bill-oreillys-killing-series
143,Killing Patton: The Strange Death of World War II's Most Audacious General (Bill O'Reilly's Killing Series),Bill O'Reilly,6,4.6,2014,Non Fiction,killing-patton-the-strange-death-of-world-war-iis-most-audacious-general-bill-oreillys-killing-series
144,Killing Reagan: The Violent Assault That Changed a Presidency (Bill O'Reilly's Killing Series),Bill O'Reilly,5,4.6,2015,Non Fiction,killing-reagan-the-violent-assault-that-changed-a-presidency-bill-oreillys-killing-series
145,Killing the Rising Sun: How America Vanquished World War II Japan (Bill O'Reilly's Killing Series),Bill O'Reilly,6,4.8,2016,Non Fiction,killing-the-rising-sun-how-america-vanquished-world-war-ii-japan-bill-oreillys-killing-series
146,Kitchen Confidential Updated Edition: Adventures in the Culinary Underbelly (P.S.),Anthony Bourdain,8,4.8,2018,Non Fiction,kitchen-confidential-updated-edition-adventures-in-the-culinary-underbelly-ps
147,Knock-Knock Jokes for Kids,Rob Elliott,4,4.5,2013,Non Fiction,knock-knock-jokes-for-kids
148,Laugh-Out-Loud Jokes for Kids,Rob Elliott,4,4.6,2013,Non Fiction,laugh-out-loud-jokes-for-kids
149,"Lean In: Women, Work, and the Will to Lead",Sheryl Sandberg,13,4.5,2013,Non Fiction,lean-in-women-work-and-the-will-to-lead
150,Leonardo da Vinci,Walter Isaacson,21,4.5,2017,Non Fiction,leonardo-da-vinci
151,Lettering and Modern Calligraphy: A Beginner's Guide: Learn Hand Lettering and Brush Lettering,Paper Peony Press,6,4.4,2018,Non Fiction,lettering-and-modern-calligraphy-a-beginners-guide-learn-hand-lettering-and-brush-lettering
152,Liberty and Tyranny: A Conservative Manifesto,Mark R. Levin,15,4.8,2009,Non Fiction,liberty-and-tyranny-a-conservative-manifesto
153,Life,Keith Richards,18,4.5,2010,Non Fiction,life
154,Little Bee: A Novel,Chris Cleave,10,4.1,2010,Fiction,little-bee-a-novel
155,Little Blue Truck,Alice Schertle,15,4.9,2014,Fiction,little-blue-truck
156,Little Fires Everywhere,Celeste Ng,12,4.5,2018,Fiction,little-fires-everywhere
157,Looking for Alaska,John Green,7,4.5,2014,Fiction,looking-for-alaska
158,"Love Wins: A Book About Heaven, Hell, and the Fate of Every Person Who Ever Lived",Rob Bell,13,4.2,2011,Non Fiction,love-wins-a-book-about-heaven-hell-and-the-fate-of-every-person-who-ever-lived
159,Love You Forever,Robert Munsch,5,4.8,2014,Fiction,love-you-forever
160,Magnolia Table: A Collection of Recipes for Gathering,Joanna Gaines,16,4.8,2018,Non Fiction,magnolia-table-a-collection-of-recipes-for-gathering
161,Make It Ahead: A Barefoot Contessa Cookbook,Ina Garten,20,4.5,2014,Non Fiction,make-it-ahead-a-barefoot-contessa-cookbook
162,Make Your Bed: Little Things That Can Change Your Life...And Maybe the World,Admiral William H. McRaven,11,4.7,2017,Non Fiction,make-your-bed-little-things-that-can-change-your-lifeand-maybe-the-world
163,"Mastering the Art of French Cooking, Vol. 2",Julia Child,27,4.8,2009,Non Fiction,mastering-the-art-of-french-cooking-vol-2
164,Milk and Honey,Rupi Kaur,8,4.7,2016,Non Fiction,milk-and-honey
165,Milk and Vine: Inspirational Quotes From Classic Vines,Adam Gasiewski,6,4.4,2017,Non Fiction,milk-and-vine-inspirational-quotes-from-classic-vines
166,Mindset: The New Psychology of Success,Carol S. Dweck,10,4.6,2014,Non Fiction,mindset-the-new-psychology-of-success
167,Mockingjay (The Hunger Games),Suzanne Collins,8,4.5,2010,Fiction,mockingjay-the-hunger-games
168,"National Geographic Kids Why?: Over 1,111 Answers to Everything",Crispin Boyer,16,4.8,2019,Non Fiction,national-geographic-kids-why-over-1111-answers-to-everything
169,National Geographic Little Kids First Big Book of Why (National Geographic Little Kids First Big Books),Amy Shields,11,4.8,2019,Non Fiction,national-geographic-little-kids-first-big-book-of-why-national-geographic-little-kids-first-big-books
170,New Moon (The Twilight Saga),Stephenie Meyer,10,4.6,2009,Fiction,new-moon-the-twilight-saga
171,Night (Night),Elie Wiesel,9,4.7,2016,Non Fiction,night-night
172,No Easy Day: The Autobiography of a Navy Seal: The Firsthand Account of the Mission That Killed Osama Bin Laden,Mark Owen,14,4.6,2012,Non Fiction,no-easy-day-the-autobiography-of-a-navy-seal-the-firsthand-account-of-the-mission-that-killed-osama-bin-laden
173,Obama: An Intimate Portrait,Pete Souza,22,4.9,2017,Non Fiction,obama-an-intimate-portrait
174,"Oh, the Places You'll Go!",Dr. Seuss,8,4.9,2012,Fiction,oh-the-places-youll-go
175,Old School (Diary of a Wimpy Kid #10),Jeff Kinney,7,4.8,2015,Fiction,old-school-diary-of-a-wimpy-kid-10
176,Olive Kitteridge,Elizabeth Strout,12,4.2,2009,Fiction,olive-kitteridge
177,One Thousand Gifts: A Dare to Live Fully Right Where You Are,Ann Voskamp,13,4.6,2011,Non Fiction,one-thousand-gifts-a-dare-to-live-fully-right-where-you-are
178,"Option B: Facing Adversity, Building Resilience, and Finding Joy",Sheryl Sandberg,9,4.5,2017,Non Fiction,option-b-facing-adversity-building-resilience-and-finding-joy
179,Origin: A Novel (Robert Langdon),Dan Brown,13,4.3,2017,Fiction,origin-a-novel-robert-langdon
180,Orphan Train,Christina Baker Kline,11,4.6,2014,Fiction,orphan-train
181,Outliers: The Story of Success,Malcolm Gladwell,20,4.6,2009,Non Fiction,outliers-the-story-of-success
182,P is for Potty! (Sesame Street) (Lift-the-Flap),Naomi Kleinberg,5,4.7,2018,Non Fiction,p-is-for-potty-sesame-street-lift-the-flap
183,Percy Jackson and the Olympians Paperback Boxed Set (Books 1-3),Rick Riordan,2,4.8,2010,Fiction,percy-jackson-and-the-olympians-paperback-boxed-set-books-1-3
184,Player's Handbook (Dungeons & Dragons),Wizards RPG Team,27,4.8,2017,Fiction,players-handbook-dungeons-dragons
185,Proof of Heaven: A Neurosurgeon's Journey into the Afterlife,Eben Alexander,10,4.3,2012,Non Fiction,proof-of-heaven-a-neurosurgeons-journey-into-the-afterlife
186,"Publication Manual of the American Psychological Association, 6th Edition",American Psychological Association,46,4.5,2009,Non Fiction,publication-manual-of-the-american-psychological-association-6th-edition
187,Puppy Birthday to You! (Paw Patrol) (Little Golden Book),Golden Books,4,4.8,2017,Fiction,puppy-birthday-to-you-paw-patrol-little-golden-book
188,Quiet: The Power of Introverts in a World That Can't Stop Talking,Susan Cain,20,4.6,2012,Non Fiction,quiet-the-power-of-introverts-in-a-world-that-cant-stop-talking
189,Radical: Taking Back Your Faith from the American Dream,David Platt,9,4.7,2010,Non Fiction,radical-taking-back-your-faith-from-the-american-dream
190,Ready Player One: A Novel,Ernest Cline,12,4.6,2017,Fiction,ready-player-one-a-novel
191,Rush Revere and the Brave Pilgrims: Time-Travel Adventures with Exceptional Americans (1),Rush Limbaugh,12,4.9,2013,Fiction,rush-revere-and-the-brave-pilgrims-time-travel-adventures-with-exceptional-americans-1
192,Rush Revere and the First Patriots: Time-Travel Adventures With Exceptional Americans (2),Rush Limbaugh,12,4.9,2014,Fiction,rush-revere-and-the-first-patriots-time-travel-adventures-with-exceptional-americans-2
193,"Salt, Fat, Acid, Heat: Mastering the Elements of Good Cooking",Samin Nosrat,20,4.8,2018,Non Fiction,salt-fat-acid-heat-mastering-the-elements-of-good-cooking
194,Sarah's Key,Tatiana de Rosnay,10,4.6,2010,Fiction,sarahs-key
195,"Secret Garden: An Inky Treasure Hunt and Coloring Book (For Adults, mindfulness coloring)",Johanna Basford,9,4.7,2015,Non Fiction,secret-garden-an-inky-treasure-hunt-and-coloring-book-for-adults-mindfulness-coloring
196,Sh*t My Dad Says,Justin Halpern,11,4.7,2010,Non Fiction,sht-my-dad-says
197,Ship of Fools: How a Selfish Ruling Class Is Bringing America to the Brink of Revolution,Tucker Carlson,16,4.8,2018,Non Fiction,ship-of-fools-how-a-selfish-ruling-class-is-bringing-america-to-the-brink-of-revolution
198,Shred: The Revolutionary Diet: 6 Weeks 4 Inches 2 Sizes,Ian K. Smith M.D.,6,4.1,2013,Non Fiction,shred-the-revolutionary-diet-6-weeks-4-inches-2-sizes
199,Sookie Stackhouse,Charlaine Harris,25,4.7,2009,Fiction,sookie-stackhouse
200,Steve Jobs,Walter Isaacson,20,4.6,2011,Non Fiction,steve-jobs
201,Strange Planet (Strange Planet Series),Nathan W. Pyle,6,4.9,2019,Fiction,strange-planet-strange-planet-series
202,StrengthsFinder 2.0,Gallup,17,4,2009,Non Fiction,strengthsfinder-20
203,"Super Freakonomics: Global Cooling, Patriotic Prostitutes, and Why Suicide Bombers Should Buy Life Insurance",Steven D. Levitt,18,4.5,2009,Non Fiction,super-freakonomics-global-cooling-patriotic-prostitutes-and-why-suicide-bombers-should-buy-life-insurance
204,Switch: How to Change Things When Change Is Hard,Chip Heath,13,4.6,2010,Non Fiction,switch-how-to-change-things-when-change-is-hard
205,Sycamore Row (Jake Brigance),John Grisham,18,4.5,2013,Fiction,sycamore-row-jake-brigance
206,Teach Like a Champion: 49 Techniques that Put Students on the Path to College,Doug Lemov,20,4.4,2010,Non Fiction,teach-like-a-champion-49-techniques-that-put-students-on-the-path-to-college
207,The 17 Day Diet: A Doctor's Plan Designed for Rapid Results,Mike Moreno,22,4.3,2011,Non Fiction,the-17-day-diet-a-doctors-plan-designed-for-rapid-results
208,"The 4 Hour Body: An Uncommon Guide to Rapid Fat Loss, Incredible Sex and Becoming Superhuman",Timothy Ferriss,21,4.3,2011,Non Fiction,the-4-hour-body-an-uncommon-guide-to-rapid-fat-loss-incredible-sex-and-becoming-superhuman
209,The 5 Love Languages: The Secret to Love That Lasts,Gary Chapman,28,4.7,2010,Non Fiction,the-5-love-languages-the-secret-to-love-that-lasts
210,The 5000 Year Leap,W. Cleon Skousen,12,4.8,2009,Non Fiction,the-5000-year-leap
211,The 7 Habits of Highly Effective People: Powerful Lessons in Personal Change,Stephen R. Covey,24,4.6,2009,Non Fiction,the-7-habits-of-highly-effective-people-powerful-lessons-in-personal-change
212,The Alchemist,Paulo Coelho,39,4.7,2014,Fiction,the-alchemist
213,The Amateur,Edward Klein,9,4.6,2012,Non Fiction,the-amateur
214,The Art of Racing in the Rain: A Novel,Garth Stein,10,4.7,2010,Fiction,the-art-of-racing-in-the-rain-a-novel
215,The Big Short: Inside the Doomsday Machine,Michael Lewis,17,4.7,2010,Non Fiction,the-big-short-inside-the-doomsday-machine
216,The Blood of Olympus (The Heroes of Olympus (5)),Rick Riordan,11,4.8,2014,Fiction,the-blood-of-olympus-the-heroes-of-olympus-5
217,"The Blood Sugar Solution: The UltraHealthy Program for Losing Weight, Preventing Disease, and Feeling Great Now!",Mark Hyman M.D.,14,4.2,2012,Non Fiction,the-blood-sugar-solution-the-ultrahealthy-program-for-losing-weight-preventing-disease-and-feeling-great-now
218,"The Body Keeps the Score: Brain, Mind, and Body in the Healing of Trauma",Bessel van der Kolk M.D.,12,4.8,2019,Non Fiction,the-body-keeps-the-score-brain-mind-and-body-in-the-healing-of-trauma
219,The Book of Basketball: The NBA According to The Sports Guy,Bill Simmons,53,4.7,2009,Non Fiction,the-book-of-basketball-the-nba-according-to-the-sports-guy
220,The Book Thief,Markus Zusak,6,4.6,2013,Fiction,the-book-thief
221,The Book with No Pictures,B. J. Novak,8,4.8,2014,Fiction,the-book-with-no-pictures
222,The Boys in the Boat: Nine Americans and Their Epic Quest for Gold at the 1936 Berlin Olympics,Daniel James Brown,12,4.8,2014,Non Fiction,the-boys-in-the-boat-nine-americans-and-their-epic-quest-for-gold-at-the-1936-berlin-olympics
223,The Casual Vacancy,J.K. Rowling,12,3.3,2012,Fiction,the-casual-vacancy
224,The Complete Ketogenic Diet for Beginners: Your Essential Guide to Living the Keto Lifestyle,Amy Ramos,6,4.3,2018,Non Fiction,the-complete-ketogenic-diet-for-beginners-your-essential-guide-to-living-the-keto-lifestyle
225,The Confession: A Novel,John Grisham,13,4.3,2010,Fiction,the-confession-a-novel
226,The Constitution of the United States,Delegates of the Constitutional,15,4.8,2016,Non Fiction,the-constitution-of-the-united-states
227,The Daily Show with Jon Stewart Presents Earth (The Book): A Visitor's Guide to the Human Race,Jon Stewart,11,4.4,2010,Non Fiction,the-daily-show-with-jon-stewart-presents-earth-the-book-a-visitors-guide-to-the-human-race
228,The Day the Crayons Quit,Drew Daywalt,9,4.8,2013,Fiction,the-day-the-crayons-quit
229,"The Dukan Diet: 2 Steps to Lose the Weight, 2 Steps to Keep It Off Forever",Pierre Dukan,15,4.1,2011,Non Fiction,the-dukan-diet-2-steps-to-lose-the-weight-2-steps-to-keep-it-off-forever
230,The Elegance of the Hedgehog,Muriel Barbery,11,4,2009,Fiction,the-elegance-of-the-hedgehog
231,The Fault in Our Stars,John Green,13,4.7,2012,Fiction,the-fault-in-our-stars
232,The Five Dysfunctions of a Team: A Leadership Fable,Patrick Lencioni,6,4.6,2009,Non Fiction,the-five-dysfunctions-of-a-team-a-leadership-fable
233,The Five Love Languages: How to Express Heartfelt Commitment to Your Mate,Gary Chapman,9,4.6,2009,Non Fiction,the-five-love-languages-how-to-express-heartfelt-commitment-to-your-mate
234,The Four Agreements: A Practical Guide to Personal Freedom (A Toltec Wisdom Book),Don Miguel Ruiz,6,4.7,2013,Non Fiction,the-four-agreements-a-practical-guide-to-personal-freedom-a-toltec-wisdom-book
235,The Getaway,Jeff Kinney,15,4.8,2017,Fiction,the-getaway
236,The Girl on the Train,Paula Hawkins,18,4.1,2015,Fiction,the-girl-on-the-train
237,The Girl Who Kicked the Hornet's Nest (Millennium Trilogy),Stieg Larsson,14,4.7,2010,Fiction,the-girl-who-kicked-the-hornets-nest-millennium-trilogy
238,The Girl Who Played with Fire (Millennium Series),Stieg Larsson,9,4.7,2010,Fiction,the-girl-who-played-with-fire-millennium-series
239,The Girl Who Played with Fire (Millennium),Stieg Larsson,16,4.7,2009,Fiction,the-girl-who-played-with-fire-millennium
240,The Girl with the Dragon Tattoo (Millennium Series),Stieg Larsson,2,4.4,2009,Fiction,the-girl-with-the-dragon-tattoo-millennium-series
241,The Going-To-Bed Book,Sandra Boynton,5,4.8,2016,Fiction,the-going-to-bed-book
242,The Goldfinch: A Novel (Pulitzer Prize for Fiction),Donna Tartt,20,3.9,2013,Fiction,the-goldfinch-a-novel-pulitzer-prize-for-fiction
243,The Great Gatsby,F. Scott Fitzgerald,7,4.4,2012,Fiction,the-great-gatsby
244,The Guardians: A Novel,John Grisham,14,4.5,2019,Fiction,the-guardians-a-novel
245,The Guernsey Literary and Potato Peel Pie Society,Mary Ann Shaffer,10,4.7,2009,Fiction,the-guernsey-literary-and-potato-peel-pie-society
246,The Handmaid's Tale,Margaret Atwood,7,4.3,2017,Fiction,the-handmaids-tale
247,The Harbinger: The Ancient Mystery that Holds the Secret of America's Future,Jonathan Cahn,13,4.6,2012,Fiction,the-harbinger-the-ancient-mystery-that-holds-the-secret-of-americas-future
248,The Hate U Give,Angie Thomas,11,4.8,2018,Fiction,the-hate-u-give
249,The Help,Kathryn Stockett,6,4.8,2009,Fiction,the-help
250,"The House of Hades (Heroes of Olympus, Book 4)",Rick Riordan,14,4.8,2013,Fiction,the-house-of-hades-heroes-of-olympus-book-4
251,The Hunger Games,Suzanne Collins,14,4.7,2010,Fiction,the-hunger-games
252,The Hunger Games (Book 1),Suzanne Collins,8,4.7,2011,Fiction,the-hunger-games-book-1
253,The Hunger Games Trilogy Boxed Set (1),Suzanne Collins,30,4.8,2011,Fiction,the-hunger-games-trilogy-boxed-set-1
254,The Immortal Life of Henrietta Lacks,Rebecca Skloot,13,4.7,2010,Non Fiction,the-immortal-life-of-henrietta-lacks
255,The Instant Pot Electric Pressure Cooker Cookbook: Easy Recipes for Fast & Healthy Meals,Laurel Randolph,7,4.3,2017,Non Fiction,the-instant-pot-electric-pressure-cooker-cookbook-easy-recipes-for-fast-healthy-meals
256,The Last Lecture,Randy Pausch,9,4.7,2009,Non Fiction,the-last-lecture
257,"The Last Olympian (Percy Jackson and the Olympians, Book 5)",Rick Riordan,7,4.8,2009,Fiction,the-last-olympian-percy-jackson-and-the-olympians-book-5
258,The Legend of Zelda: Hyrule Historia,Patrick Thorpe,20,4.9,2013,Fiction,the-legend-of-zelda-hyrule-historia
259,The Lego Ideas Book: Unlock Your Imagination,Daniel Lipkowitz,13,4.4,2011,Non Fiction,the-lego-ideas-book-unlock-your-imagination
260,The Life-Changing Magic of Tidying Up: The Japanese Art of Decluttering and Organizing,Marie Kondō,11,4.5,2015,Non Fiction,the-life-changing-magic-of-tidying-up-the-japanese-art-of-decluttering-and-organizing
261,The Litigators,John Grisham,18,4.4,2011,Fiction,the-litigators
262,"The Lost Hero (Heroes of Olympus, Book 1)",Rick Riordan,14,4.8,2010,Fiction,the-lost-hero-heroes-of-olympus-book-1
263,The Lost Symbol,Dan Brown,19,4.2,2009,Fiction,the-lost-symbol
264,The Love Dare,Stephen Kendrick,13,4.8,2009,Non Fiction,the-love-dare
265,The Magnolia Story,Chip Gaines,5,4.9,2016,Non Fiction,the-magnolia-story
266,"The Mark of Athena (Heroes of Olympus, Book 3)",Rick Riordan,10,4.8,2012,Fiction,the-mark-of-athena-heroes-of-olympus-book-3
267,The Martian,Andy Weir,9,4.7,2015,Fiction,the-martian
268,The Maze Runner (Book 1),James Dashner,8,4.5,2014,Fiction,the-maze-runner-book-1
269,The Meltdown (Diary of a Wimpy Kid Book 13),Jeff Kinney,8,4.8,2018,Fiction,the-meltdown-diary-of-a-wimpy-kid-book-13
270,The Mueller Report,The Washington Post,12,4.6,2019,Non Fiction,the-mueller-report
271,The Nightingale: A Novel,Kristin Hannah,11,4.8,2015,Fiction,the-nightingale-a-novel
272,The Official SAT Study Guide,The College Board,40,4.4,2010,Non Fiction,the-official-sat-study-guide
273,"The Official SAT Study Guide, 2016 Edition (Official Study Guide for the New Sat)",The College Board,36,4.3,2016,Non Fiction,the-official-sat-study-guide-2016-edition-official-study-guide-for-the-new-sat
274,The Paris Wife: A Novel,Paula McLain,16,4.3,2011,Fiction,the-paris-wife-a-novel
275,"The Pioneer Woman Cooks: A Year of Holidays: 140 Step-by-Step Recipes for Simple, Scrumptious Celebrations",Ree Drummond,17,4.8,2013,Non Fiction,the-pioneer-woman-cooks-a-year-of-holidays-140-step-by-step-recipes-for-simple-scrumptious-celebrations
276,The Pioneer Woman Cooks: Food from My Frontier,Ree Drummond,21,4.8,2012,Non Fiction,the-pioneer-woman-cooks-food-from-my-frontier
277,"The Plant Paradox Cookbook: 100 Delicious Recipes to Help You Lose Weight, Heal Your Gut, and Live Lectin-Free",Dr. Steven R Gundry MD,18,4.5,2018,Non Fiction,the-plant-paradox-cookbook-100-delicious-recipes-to-help-you-lose-weight-heal-your-gut-and-live-lectin-free
278,"The Plant Paradox: The Hidden Dangers in ""Healthy"" Foods That Cause Disease and Weight Gain",Dr. Steven R Gundry MD,17,4.4,2018,Non Fiction,the-plant-paradox-the-hidden-dangers-in-healthy-foods-that-cause-disease-and-weight-gain
279,The Pout-Pout Fish,Deborah Diesen,5,4.8,2017,Fiction,the-pout-pout-fish
280,The Power of Habit: Why We Do What We Do in Life and Business,Charles Duhigg,21,4.6,2012,Non Fiction,the-power-of-habit-why-we-do-what-we-do-in-life-and-business
281,The President Is Missing: A Novel,James Patterson,18,4.3,2018,Fiction,the-president-is-missing-a-novel
282,The Racketeer,John Grisham,18,4.3,2012,Fiction,the-racketeer
283,"The Red Pyramid (The Kane Chronicles, Book 1)",Rick Riordan,12,4.6,2010,Fiction,the-red-pyramid-the-kane-chronicles-book-1
284,"The Road to Serfdom: Text and Documents--The Definitive Edition (The Collected Works of F. A. Hayek, Volume 2)",F. A. Hayek,14,4.6,2010,Non Fiction,the-road-to-serfdom-text-and-documents-the-definitive-edition-the-collected-works-of-f-a-hayek-volume-2
285,"The Serpent's Shadow (The Kane Chronicles, Book 3)",Rick Riordan,12,4.8,2012,Fiction,the-serpents-shadow-the-kane-chronicles-book-3
286,The Shack: Where Tragedy Confronts Eternity,William P. Young,8,4.6,2009,Fiction,the-shack-where-tragedy-confronts-eternity
287,The Short Second Life of Bree Tanner: An Eclipse Novella (The Twilight Saga),Stephenie Meyer,15,4.6,2010,Fiction,the-short-second-life-of-bree-tanner-an-eclipse-novella-the-twilight-saga
288,The Silent Patient,Alex Michaelides,14,4.5,2019,Fiction,the-silent-patient
289,"The Son of Neptune (Heroes of Olympus, Book 2)",Rick Riordan,10,4.8,2011,Fiction,the-son-of-neptune-heroes-of-olympus-book-2
290,The Subtle Art of Not Giving a F*ck: A Counterintuitive Approach to Living a Good Life,Mark Manson,15,4.6,2017,Non Fiction,the-subtle-art-of-not-giving-a-fck-a-counterintuitive-approach-to-living-a-good-life
291,The Sun and Her Flowers,Rupi Kaur,9,4.7,2017,Non Fiction,the-sun-and-her-flowers
292,"The Third Wheel (Diary of a Wimpy Kid, Book 7)",Jeff Kinney,7,4.7,2012,Fiction,the-third-wheel-diary-of-a-wimpy-kid-book-7
293,"The Throne of Fire (The Kane Chronicles, Book 2)",Rick Riordan,10,4.7,2011,Fiction,the-throne-of-fire-the-kane-chronicles-book-2
294,The Time Traveler's Wife,Audrey Niffenegger,6,4.4,2009,Fiction,the-time-travelers-wife
295,The Tipping Point: How Little Things Can Make a Big Difference,Malcolm Gladwell,9,4.4,2009,Non Fiction,the-tipping-point-how-little-things-can-make-a-big-difference
296,The Total Money Makeover: Classic Edition: A Proven Plan for Financial Fitness,Dave Ramsey,10,4.7,2019,Non Fiction,the-total-money-makeover-classic-edition-a-proven-plan-for-financial-fitness
297,The Twilight Saga Collection,Stephenie Meyer,82,4.7,2009,Fiction,the-twilight-saga-collection
298,"The Ugly Truth (Diary of a Wimpy Kid, Book 5)",Jeff Kinney,12,4.8,2010,Fiction,the-ugly-truth-diary-of-a-wimpy-kid-book-5
299,The Very Hungry Caterpillar,Eric Carle,5,4.9,2013,Fiction,the-very-hungry-caterpillar
300,The Whole30: The 30-Day Guide to Total Health and Food Freedom,Melissa Hartwig Urban,16,4.6,2015,Non Fiction,the-whole30-the-30-day-guide-to-total-health-and-food-freedom
301,The Wonderful Things You Will Be,Emily Winfield Martin,10,4.9,2016,Fiction,the-wonderful-things-you-will-be
302,The Wonky Donkey,Craig Smith,4,4.8,2018,Fiction,the-wonky-donkey
303,The Wright Brothers,David McCullough,16,4.7,2015,Non Fiction,the-wright-brothers
304,"Things That Matter: Three Decades of Passions, Pastimes and Politics [Deckled Edge]",Charles Krauthammer,15,4.7,2013,Non Fiction,things-that-matter-three-decades-of-passions-pastimes-and-politics-deckled-edge
305,"Thinking, Fast and Slow",Daniel Kahneman,19,4.6,2011,Non Fiction,thinking-fast-and-slow
306,Thirteen Reasons Why,Jay Asher,9,4.5,2017,Fiction,thirteen-reasons-why
307,Thomas Jefferson: The Art of Power,Jon Meacham,23,4.5,2012,Non Fiction,thomas-jefferson-the-art-of-power
308,Three Cups of Tea: One Man's Mission to Promote Peace - One School at a Time,Greg Mortenson,11,4.3,2009,Non Fiction,three-cups-of-tea-one-mans-mission-to-promote-peace-one-school-at-a-time
309,Thug Kitchen: The Official Cookbook: Eat Like You Give a F*ck (Thug Kitchen Cookbooks),Thug Kitchen,23,4.6,2014,Non Fiction,thug-kitchen-the-official-cookbook-eat-like-you-give-a-fck-thug-kitchen-cookbooks
310,Tina Fey: Bossypants,Tina Fey,12,4.3,2011,Non Fiction,tina-fey-bossypants
311,To Kill a Mockingbird,Harper Lee,15,4.8,2013,Fiction,to-kill-a-mockingbird
312,"Tools of Titans: The Tactics, Routines, and Habits of Billionaires, Icons, and World-Class Performers",Timothy Ferriss,21,4.6,2017,Non Fiction,tools-of-titans-the-tactics-routines-and-habits-of-billionaires-icons-and-world-class-performers
313,"Towers of Midnight (Wheel of Time, Book Thirteen)",Robert Jordan,21,4.8,2010,Fiction,towers-of-midnight-wheel-of-time-book-thirteen
314,True Compass: A Memoir,Edward M. Kennedy,15,4.5,2009,Non Fiction,true-compass-a-memoir
315,"Twilight (The Twilight Saga, Book 1)",Stephenie Meyer,9,4.7,2009,Fiction,twilight-the-twilight-saga-book-1
316,Ultimate Sticker Book: Frozen: More Than 60 Reusable Full-Color Stickers,DK,5,4.5,2014,Fiction,ultimate-sticker-book-frozen-more-than-60-reusable-full-color-stickers
317,"Unbroken: A World War II Story of Survival, Resilience, and Redemption",Laura Hillenbrand,16,4.8,2010,Non Fiction,unbroken-a-world-war-ii-story-of-survival-resilience-and-redemption
318,Under the Dome: A Novel,Stephen King,20,4.3,2009,Fiction,under-the-dome-a-novel
319,Unfreedom of the Press,Mark R. Levin,11,4.9,2019,Non Fiction,unfreedom-of-the-press
320,Unicorn Coloring Book: For Kids Ages 4-8 (US Edition) (Silly Bear Coloring Books),Silly Bear,4,4.8,2019,Non Fiction,unicorn-coloring-book-for-kids-ages-4-8-us-edition-silly-bear-coloring-books
321,"Uninvited: Living Loved When You Feel Less Than, Left Out, and Lonely",Lysa TerKeurst,9,4.7,2016,Non Fiction,uninvited-living-loved-when-you-feel-less-than-left-out-and-lonely
322,Watchmen,Alan Moore,42,4.8,2009,Fiction,watchmen
323,Water for Elephants: A Novel,Sara Gruen,12,4.5,2011,Fiction,water-for-elephants-a-novel
324,What Happened,Hillary Rodham Clinton,18,4.6,2017,Non Fiction,what-happened
325,What If?: Serious Scientific Answers to Absurd Hypothetical Questions,Randall Munroe,17,4.7,2014,Non Fiction,what-if-serious-scientific-answers-to-absurd-hypothetical-questions
326,What Pet Should I Get? (Classic Seuss),Dr. Seuss,14,4.7,2015,Fiction,what-pet-should-i-get-classic-seuss
327,What Should Danny Do? (The Power to Choose Series),Adir Levy,13,4.8,2019,Fiction,what-should-danny-do-the-power-to-choose-series
328,What to Expect When You're Expecting,Heidi Murkoff,9,4.4,2011,Non Fiction,what-to-expect-when-youre-expecting
329,"Wheat Belly: Lose the Wheat, Lose the Weight, and Find Your Path Back to Health",William Davis,6,4.4,2012,Non Fiction,wheat-belly-lose-the-wheat-lose-the-weight-and-find-your-path-back-to-health
330,When Breath Becomes Air,Paul Kalanithi,14,4.8,2016,Non Fiction,when-breath-becomes-air
331,Where the Crawdads Sing,Delia Owens,15,4.8,2019,Fiction,where-the-crawdads-sing
332,Where the Wild Things Are,Maurice Sendak,13,4.8,2009,Fiction,where-the-wild-things-are
333,Whose Boat Is This Boat?: Comments That Don't Help in the Aftermath of a Hurricane,The Staff of The Late Show with,12,4.6,2018,Non Fiction,whose-boat-is-this-boat-comments-that-dont-help-in-the-aftermath-of-a-hurricane
334,Wild: From Lost to Found on the Pacific Crest Trail,Cheryl Strayed,18,4.4,2012,Non Fiction,wild-from-lost-to-found-on-the-pacific-crest-trail
335,Winter of the World: Book Two of the Century Trilogy,Ken Follett,15,4.5,2012,Fiction,winter-of-the-world-book-two-of-the-century-trilogy
336,Women Food and God: An Unexpected Path to Almost Everything,Geneen Roth,11,4.2,2010,Non Fiction,women-food-and-god-an-unexpected-path-to-almost-everything
337,Wonder,R. J. Palacio,9,4.8,2013,Fiction,wonder
338,Wrecking Ball (Diary of a Wimpy Kid Book 14),Jeff Kinney,8,4.9,2019,Fiction,wrecking-ball-diary-of-a-wimpy-kid-book-14
339,You Are a Badass: How to Stop Doubting Your Greatness and Start Living an Awesome Life,Jen Sincero,8,4.7,2016,Non Fiction,you-are-a-badass-how-to-stop-doubting-your-greatness-and-start-living-an-awesome-life
